"TaskName","TaskPath","State","Author","Description","Action","Trigger","LastRunTime","NextRunTime"
"Adobe Acrobat Update Task","\","Ready","Adobe Systems Incorporated","This task keeps your Adobe Reader and Acrobat applications up to date with the latest enhancements and security fixes","C:\Program Files (x86)\Common Files\Adobe\ARM\1.0\AdobeARM.exe","2013-08-01T12:05:00",,
"BraveSoftwareUpdateTaskMachineCore{586F1FDE-451B-44C1-BE54-7A82BCB17D74}","\","Ready",,"Mantiene actualizado el software de Brave. Si esta tarea se inhabilita o se detiene, el software de Brave no se mantendrá actualizado, lo que significa que las vulnerabilidades de seguridad que puedan surgir no se podrán solucionar y es posible que el rendimiento del producto se vea afectado. Esta tarea se desinstala por sí sola cuando no la está utilizando ningún software de Brave.","""C:\Program Files (x86)\BraveSoftware\Update\BraveUpdate.exe""",,,
"BraveSoftwareUpdateTaskMachineUA{7B6F9DBE-97CF-4BC6-BFF3-E6C130ED85AC}","\","Ready",,"Mantiene actualizado el software de Brave. Si esta tarea se inhabilita o se detiene, el software de Brave no se mantendrá actualizado, lo que significa que las vulnerabilidades de seguridad que puedan surgir no se podrán solucionar y es posible que el rendimiento del producto se vea afectado. Esta tarea se desinstala por sí sola cuando no la está utilizando ningún software de Brave.","""C:\Program Files (x86)\BraveSoftware\Update\BraveUpdate.exe""","2025-01-20T16:04:24",,
"CreateExplorerShellUnelevatedTask","\","Ready","ExplorerShellUnelevated",,"C:\Windows\explorer.exe",,,
"MicrosoftEdgeUpdateTaskCachedFiles","\","Ready",,"Keeps your Microsoft software up to date. If this task is disabled or stopped, your Microsoft software will not be kept up to date, meaning security vulnerabilities that may arise cannot be fixed and features may not work. This task uninstalls itself when there is no Microsoft software using it.","C:\Program Files (x86)\Microsoft\EdgeUpdate\MicrosoftEdgeUpdate.exe",,,
"MicrosoftEdgeUpdateTaskMachineCore","\","Running",,"Mantiene tu software de Microsoft actualizado. Si esta tarea se deshabilita o se detiene, el software de Microsoft no se mantendrá actualizado, lo que significa que no se podrán solucionar las vulnerabilidades de seguridad que puedan surgir y las características podrían no funcionar. Esta tarea se desinstalará automáticamente cuando no la esté usando ningún software de Microsoft.","C:\Program Files (x86)\Microsoft\EdgeUpdate\MicrosoftEdgeUpdate.exe",,,
"MicrosoftEdgeUpdateTaskMachineUA","\","Ready",,"Mantiene tu software de Microsoft actualizado. Si esta tarea se deshabilita o se detiene, el software de Microsoft no se mantendrá actualizado, lo que significa que no se podrán solucionar las vulnerabilidades de seguridad que puedan surgir y las características podrían no funcionar. Esta tarea se desinstalará automáticamente cuando no la esté usando ningún software de Microsoft.","C:\Program Files (x86)\Microsoft\EdgeUpdate\MicrosoftEdgeUpdate.exe","2025-05-06T19:35:37",,
"MSI Task Host - Detect_Monitor","\","Ready","MSI","MSI Task Host - Detect_Monitor","C:\Program Files (x86)\MSI\One Dragon Center\MSI.NotifyServer.exe",,,
"MSI Task Host - DisplayID","\","Ready","MSI","MSI Task Host - DisplayID","C:\Program Files (x86)\MSI\One Dragon Center\MSI.NotifyServer.exe",,,
"MSI Task Host - LEDKeeper2_Host","\","Ready","MSI","MSI LED Keeper2 Host","C:\Program Files (x86)\MSI\One Dragon Center\Mystic_Light\LEDKeeper2.exe",,,
"NahimicSvc32Run","\","Ready","_COMPANY_NAME_","Runs the _PRODUCT_NAME_ product","""C:\Windows\SysWOW64\NahimicSvc32.exe""",,,
"NahimicSvc64Run","\","Ready","_COMPANY_NAME_","Runs the _PRODUCT_NAME_ product","""C:\Windows\system32\NahimicSvc64.exe""",,,
"npcapwatchdog","\","Ready",,"Ensure Npcap service is configured to start at boot","C:\Program Files\Npcap\CheckStatus.bat",,,
"NvDriverUpdateCheckDaily_{B2FE1952-0186-46C3-BAEC-A80AA35AC5B8}","\","Ready","NVIDIA Corporation","Checks for NVIDIA driver updates before GeForce Experience is first launched","C:\Program Files\NVIDIA Corporation\NvContainer\nvcontainer.exe","2023-03-05T12:25:35",,
"NVIDIA GeForce Experience SelfUpdate_{B2FE1952-0186-46C3-BAEC-A80AA35AC5B8}","\","Ready","NVIDIA Corporation",,"""C:\Program Files\NVIDIA Corporation\NVIDIA GeForce Experience\NVIDIA GeForce Experience.exe""",,,
"NvNodeLauncher_{B2FE1952-0186-46C3-BAEC-A80AA35AC5B8}","\","Ready","NVIDIA Corporation","NVIDIA NvNode Launcher","C:\Program Files (x86)\NVIDIA Corporation\NvNode\nvnodejslauncher.exe",,,
"NvProfileUpdaterDaily_{B2FE1952-0186-46C3-BAEC-A80AA35AC5B8}","\","Ready","NVIDIA Corporation","NVIDIA Profile Updater","C:\Program Files\NVIDIA Corporation\Update Core\NvProfileUpdater64.exe","2023-03-05T12:25:33",,
"NvProfileUpdaterOnLogon_{B2FE1952-0186-46C3-BAEC-A80AA35AC5B8}","\","Ready","NVIDIA Corporation","NVIDIA Profile Updater","C:\Program Files\NVIDIA Corporation\Update Core\NvProfileUpdater64.exe",,,
"NvTmRep_CrashReport1_{B2FE1952-0186-46C3-BAEC-A80AA35AC5B8}","\","Ready","NVIDIA Corporation","NVIDIA crash reporter","C:\Program Files\NVIDIA Corporation\NvBackend\NvTmRep.exe","2023-03-05T12:25:35",,
"NvTmRep_CrashReport2_{B2FE1952-0186-46C3-BAEC-A80AA35AC5B8}","\","Ready","NVIDIA Corporation","NVIDIA crash reporter","C:\Program Files\NVIDIA Corporation\NvBackend\NvTmRep.exe","2023-03-05T18:25:35",,
"NvTmRep_CrashReport3_{B2FE1952-0186-46C3-BAEC-A80AA35AC5B8}","\","Ready","NVIDIA Corporation","NVIDIA crash reporter","C:\Program Files\NVIDIA Corporation\NvBackend\NvTmRep.exe","2023-03-05T00:25:35",,
"NvTmRep_CrashReport4_{B2FE1952-0186-46C3-BAEC-A80AA35AC5B8}","\","Ready","NVIDIA Corporation","NVIDIA crash reporter","C:\Program Files\NVIDIA Corporation\NvBackend\NvTmRep.exe","2023-03-05T06:25:35",,
"OmApSvcBroker","\","Running","MSI","OmApSvcBroker","C:\Program Files (x86)\MSI\MSI NBFoundation Service\OmApSvcBroker.exe",,,
"OneDC_Updater","\","Ready","MSI","OneDC_Updater","C:\Users\marcm\Documents\temp\OneDC_Updater\OneDC_Updater.exe",,,
"OneDrive Per-Machine Standalone Update Task","\","Ready","Microsoft Corporation",,"C:\Program Files\Microsoft OneDrive\OneDriveStandaloneUpdater.exe","1992-05-01T10:00:00",,
"OneDrive Reporting Task-S-1-5-21-2297512837-4213269552-594000026-1001","\","Ready","Microsoft Corporation",,"C:\Program Files\Microsoft OneDrive\OneDriveStandaloneUpdater.exe","2025-05-08T11:37:43",,
"OneDrive Reporting Task-S-1-5-21-2297512837-4213269552-594000026-1026","\","Ready","Microsoft Corporation",,"C:\Program Files\Microsoft OneDrive\OneDriveStandaloneUpdater.exe","2024-10-27T00:26:49",,
"OneDrive Startup Task-S-1-5-21-2297512837-4213269552-594000026-1001","\","Ready","Microsoft Corporation",,"C:\Program Files\Microsoft OneDrive\25.070.0413.0001\OneDriveLauncher.exe",,,
"Opera scheduled assistant Autoupdate 1628760426","\","Ready","MSI\marcm","Keeps Opera Browser Assistant up to date","C:\Users\marcm\AppData\Local\Programs\Opera\launcher.exe","2021-10-14T17:38:07",,
"Opera scheduled Autoupdate 1628760424","\","Ready","MSI\marcm","Mantiene Opera actualizado.","C:\Users\marcm\AppData\Local\Programs\Opera\launcher.exe","2021-11-25T11:48:49",,
"Overwolf Updater Task","\","Ready",,"Keeps your Overwolf software up to date.  If this task is disabled or stopped, your Overwolf software will not be kept up to date, meaning security vulnerabilities that may arise cannot be fixed and features may not work.  This task is uninstalled when the Overwolf software is uninstalled from your computer.","C:\Program Files (x86)\Common Files\Overwolf\OverwolfUpdater.exe","2024-03-20T17:39:02+02:00",,
"ZoomUpdateTaskUser-S-1-5-21-2297512837-4213269552-594000026-1001","\","Ready","Zoom Communications, Inc.",,"""C:\Users\marcm\AppData\Roaming\Zoom\bin\Zoom.exe""","2024-01-01T00:24:00",,
"S-1-5-21-2297512837-4213269552-594000026-1001","\Agent Activation Runtime\","Disabled","Microsoft Corporation",,"C:\Windows\System32\AgentActivationRuntimeStarter.exe",,,
"GoogleUpdaterTaskSystem138.0.7156.2{625C4365-96CA-4B31-AFFC-E42A9F5EA290}","\GoogleSystem\GoogleUpdater\","Ready","NT AUTHORITY\SYSTEM","GoogleUpdater Task System 138.0.7156.2","""C:\Program Files (x86)\Google\GoogleUpdater\138.0.7156.2\updater.exe""",,,
"Office Apps Prewarm","\Microsoft\Office\","Ready","Microsoft Office","This task ensures that Office applications can take advantage of prewarming performance enhancements.","C:\Program Files\Microsoft Office\root\Office16\sdxhelper.exe",,,
"Office Apps Prewarm Recurring","\Microsoft\Office\","Ready","Microsoft Office","This task ensures that Office applications can take advantage of prewarming performance enhancements recurringly.","C:\Program Files\Microsoft Office\root\Office16\sdxhelper.exe","2025-01-28T00:00:00",,
"Office Automatic Updates 2.0","\Microsoft\Office\","Ready","Microsoft Office","This task ensures that your Microsoft Office installation can check for updates.","C:\Program Files\Common Files\Microsoft Shared\ClickToRun\OfficeC2RClient.exe","2010-12-16T03:00:00",,
"Office Background Push Maintenance","\Microsoft\Office\","Ready","Microsoft Office","Task is used to periodically update device configuration with Microsoft to ensure the latest apps and features are available on this device","C:\Program Files\Microsoft Office\root\vfs\ProgramFilesCommonx64\Microsoft Shared\Office16\opushutil.exe","2010-01-01T08:27:59",,
"Office ClickToRun Service Monitor","\Microsoft\Office\","Ready","Microsoft Office","This task monitors the state of your Microsoft Office ClickToRunSvc and sends crash and error logs to Microsoft.","C:\Program Files\Common Files\Microsoft Shared\ClickToRun\OfficeC2RClient.exe","2010-12-16T04:00:00",,
"Office Feature Updates","\Microsoft\Office\","Ready","Microsoft Office","This task ensures that your Microsoft Office installation can check for feature updates.","C:\Program Files\Microsoft Office\root\Office16\sdxhelper.exe","2017-01-01T02:10:00",,
"Office Feature Updates Logon","\Microsoft\Office\","Ready","Microsoft Office","This task ensures that your Microsoft Office installation can check for feature updates.","C:\Program Files\Microsoft Office\root\Office16\sdxhelper.exe",,,
"Office Performance Monitor","\Microsoft\Office\","Ready",,"This task ensures that your Microsoft Office installation can be monitored for performance issues.","C:\Program Files\Microsoft Office\root\VFS\ProgramFilesCommonX64\Microsoft Shared\Office16\operfmon.exe",,,
"BackgroundDownload","\Microsoft\VisualStudio\Updates\","Ready","Microsoft Visual Studio",,"C:\Program Files (x86)\Microsoft Visual Studio\Installer\resources\app\ServiceHub\Services\Microsoft.VisualStudio.Setup.Service\BackgroundDownload.exe",,,
".NET Framework NGEN v4.0.30319","\Microsoft\Windows\.NET Framework\","Ready",,,,,,
".NET Framework NGEN v4.0.30319 64","\Microsoft\Windows\.NET Framework\","Ready",,,,,,
".NET Framework NGEN v4.0.30319 64 Critical","\Microsoft\Windows\.NET Framework\","Disabled",,,,,,
".NET Framework NGEN v4.0.30319 Critical","\Microsoft\Windows\.NET Framework\","Disabled",,,,,,
"RecoverabilityToastTask","\Microsoft\Windows\AccountHealth\","Ready","Microsoft Corporation","AccountHealth Task Handler evaluates the state of a Microsoft Account and takes any necessary repair action",,,,
"AD RMS Rights Policy Template Management (Automated)","\Microsoft\Windows\Active Directory Rights Management Services Client\","Disabled","Microsoft Corporation","Actualiza las plantillas de directivas de derechos AD RMS del usuario. Este trabajo no indica un aviso de credenciales si hay un error de la autenticación del servicio web de distribución de plantillas en el servidor. En este caso, el error se produce en modo silencioso.",,"2006-11-09T03:00:00",,
"AD RMS Rights Policy Template Management (Manual)","\Microsoft\Windows\Active Directory Rights Management Services Client\","Ready","Microsoft Corporation","Actualiza las plantillas de directivas de derechos AD RMS del usuario. Este trabajo indica un aviso de credenciales si hay un error de la autenticación del servicio web de distribución de plantillas en el servidor.",,,,
"EDP Policy Manager","\Microsoft\Windows\AppID\","Ready","Microsoft Corporation","Esta tarea permite realizar los pasos necesarios para configurar Windows Information Protection.",,,,
"PolicyConverter","\Microsoft\Windows\AppID\","Disabled","Microsoft Corporation","Convierte la directiva de directivas de restricción de software de formato XML a formato binario.","%windir%\system32\appidpolicyconverter.exe",,,
"VerifiedPublisherCertStoreCheck","\Microsoft\Windows\AppID\","Disabled","Microsoft Corporation","Busca certificados no válidos o revocados en la memoria caché de certificados de AppID.","%windir%\system32\appidcertstorecheck.exe",,,
"MareBackup","\Microsoft\Windows\Application Experience\","Ready","Microsoft Corporation","Recopila datos de aplicaciones Win32 para el escenario Copia de seguridad de aplicaciones","%windir%\system32\compattelrunner.exe %windir%\system32\compattelrunner.exe %windir%\system32\compattelrunner.exe",,,
"Microsoft Compatibility Appraiser","\Microsoft\Windows\Application Experience\","Ready","Microsoft Corporation","Recopila información de telemetría de los programas si participa en el Programa para la mejora de la experiencia del usuario de Microsoft.","%windir%\system32\sc.exe","2008-09-01T03:00:00",,
"Microsoft Compatibility Appraiser Exp","\Microsoft\Windows\Application Experience\","Ready","Microsoft Corporation","Recopila información de telemetría de los programas si participa en el Programa para la mejora de la experiencia del usuario de Microsoft.","%windir%\system32\compattelrunner.exe",,,
"PcaPatchDbTask","\Microsoft\Windows\Application Experience\","Ready","Microsoft Corporation","Updates compatibility database","%windir%\system32\rundll32.exe","2008-09-01T03:00:00",,
"SdbinstMergeDbTask","\Microsoft\Windows\Application Experience\","Ready","Microsoft Corporation","Combina las bases de datos shim que están pendientes de combinación.","%windir%\system32\sdbinst.exe",,,
"StartupAppTask","\Microsoft\Windows\Application Experience\","Ready","Microsoft Corporation","Examina entradas de inicio y genera una notificación para el usuario si hay demasiadas entradas de inicio.","%windir%\system32\rundll32.exe",,,
"appuriverifierdaily","\Microsoft\Windows\ApplicationData\","Ready","Microsoft Corporation","Comprueba los registros de host de AppUriHandler.","%windir%\system32\AppHostRegistrationVerifier.exe",,,
"appuriverifierinstall","\Microsoft\Windows\ApplicationData\","Ready","Microsoft Corporation","Comprueba los registros de host de AppUriHandler.","%windir%\system32\AppHostRegistrationVerifier.exe",,,
"CleanupTemporaryState","\Microsoft\Windows\ApplicationData\","Ready","Microsoft Corporation","Cleans up each package's unused temporary files.","%windir%\system32\rundll32.exe",,,
"DsSvcCleanup","\Microsoft\Windows\ApplicationData\","Ready","Microsoft Corporation","Realiza el mantenimiento del servicio de uso compartido de datos.","%windir%\system32\dstokenclean.exe",,,
"Backup","\Microsoft\Windows\AppListBackup\","Ready","$(@%SystemRoot%\system32\AppListBackupLauncher.dll,-600)","$(@%SystemRoot%\system32\AppListBackupLauncher.dll,-602)",,,,
"BackupNonMaintenance","\Microsoft\Windows\AppListBackup\","Ready","$(@%SystemRoot%\system32\AppListBackupLauncher.dll,-600)","$(@%SystemRoot%\system32\AppListBackupLauncher.dll,-602)",,"2022-01-01T00:00:00",,
"Pre-staged app cleanup","\Microsoft\Windows\AppxDeploymentClient\","Disabled",,,"%windir%\system32\rundll32.exe",,,
"UCPD velocity","\Microsoft\Windows\AppxDeploymentClient\","Ready",,,"%windir%\system32\UCPDMgr.exe",,,
"Proxy","\Microsoft\Windows\Autochk\","Ready","Microsoft Corporation","Esta tarea recopila y carga datos de SQM de autochk si se participa en el Programa para la mejora de la experiencia del usuario de Microsoft.","%windir%\system32\rundll32.exe",,,
"BitLocker Encrypt All Drives","\Microsoft\Windows\BitLocker\","Ready",,,,,,
"BitLocker MDM policy Refresh","\Microsoft\Windows\BitLocker\","Ready",,,,,,
"UninstallDeviceTask","\Microsoft\Windows\Bluetooth\","Ready","Microsoft","Desinstala el dispositivo PnP asociado con el identificador de servicio Bluetooth especificado","BthUdTask.exe",,,
"BgTaskRegistrationMaintenanceTask","\Microsoft\Windows\BrokerInfrastructure\","Ready","Microsoft Corporation","Mantiene registros de las tareas en segundo plano de las aplicaciones de la Plataforma universal de Windows.",,,,
"maintenancetasks","\Microsoft\Windows\capabilityaccessmanager\","Ready","Microsoft Corporation","Tareas de mantenimiento del administrador de acceso de capacidad","%windir%\system32\rundll32.exe",,,
"AikCertEnrollTask","\Microsoft\Windows\CertificateServicesClient\","Ready","Microsoft Corporation","Esta tarea inscribe un certificado para la clave de identidad de la atestación.",,,,
"CryptoPolicyTask","\Microsoft\Windows\CertificateServicesClient\","Ready","Microsoft Corporation","Esta tarea sincroniza la directiva de cifrado.",,,,
"KeyPreGenTask","\Microsoft\Windows\CertificateServicesClient\","Ready","Microsoft Corporation","Esta tarea genera previamente una clave de identidad de la atestación (AIK) y una clave de almacenamiento (SK) basadas en TPM.",,,,
"SystemTask","\Microsoft\Windows\CertificateServicesClient\","Ready","Microsoft Corporation","El cliente de Servicios de servidor de certificados administra automáticamente identidades digitales, como certificados, claves y credenciales para los usuarios y el equipo, lo que habilita la inscripción, movilidad (itinerancia) y otros servicios.",,,,
"UserTask","\Microsoft\Windows\CertificateServicesClient\","Ready","Microsoft Corporation","El cliente de Servicios de servidor de certificados administra automáticamente identidades digitales, como certificados, claves y credenciales para los usuarios y el equipo, lo que habilita la inscripción, movilidad (itinerancia) y otros servicios.",,,,
"UserTask-Roam","\Microsoft\Windows\CertificateServicesClient\","Ready","Microsoft Corporation","El cliente de Servicios de servidor de certificados administra automáticamente identidades digitales, como certificados, claves y credenciales para los usuarios y el equipo, lo que habilita la inscripción, movilidad (itinerancia) y otros servicios.",,,,
"ProactiveScan","\Microsoft\Windows\Chkdsk\","Ready","Microsoft Corporation","Examen de mantenimiento de volument NTFS",,,,
"SyspartRepair","\Microsoft\Windows\Chkdsk\","Ready",,,"%windir%\system32\bcdboot.exe",,,
"License Validation","\Microsoft\Windows\Clip\","Disabled","Microsoft Corporation","Windows Store legacy license migration task","%SystemRoot%\system32\ClipUp.exe",,,
"CreateObjectTask","\Microsoft\Windows\CloudExperienceHost\","Ready",,,,,,
"Backup","\Microsoft\Windows\CloudRestore\","Ready","Microsoft Corporation","Controla la restauración de la configuración desde la nube",,,,
"Restore","\Microsoft\Windows\CloudRestore\","Ready","Microsoft Corporation","Controla la restauración de la configuración desde la nube",,,,
"UnifiedConsentSyncTask","\Microsoft\Windows\ConsentUX\UnifiedConsent\","Ready","$(@%systemRoot%\system32\unifiedconsent.dll,-102)","$(@%systemRoot%\system32\unifiedconsent.dll,-101)",,,,
"Consolidator","\Microsoft\Windows\Customer Experience Improvement Program\","Ready","Microsoft Corporation","Si el usuario accedió a participar en el Programa para la mejora de la experiencia del usuario de Windows, este trabajo recopila y envía datos de uso a Microsoft.","%SystemRoot%\System32\wsqmcons.exe","2004-01-02T00:00:00",,
"UsbCeip","\Microsoft\Windows\Customer Experience Improvement Program\","Ready","Microsoft Corporation","La tarea USB CEIP (Programa para la mejora de la experiencia del usuario) recopila estadísticas relacionadas con USB (bus serie universal) e información acerca del equipo y las envía al grupo de ingeniería de conectividad de dispositivos de Windows de Microsoft. La información recibida se usa para ayudar a mejorar la confiabilidad, la estabilidad y la funcionalidad general de USB en Windows. Si el usuario no dio su consentimiento para participar en Windows CEIP, esta tarea no se llevará a cabo.",,,,
"Data Integrity Check And Scan","\Microsoft\Windows\Data Integrity Scan\","Ready","Microsoft Corporation","Examina daños latentes en volúmenes con tolerancia a errores",,"2011-01-01T23:00:00",,
"Data Integrity Scan","\Microsoft\Windows\Data Integrity Scan\","Ready","Microsoft Corporation","Examina daños latentes en volúmenes con tolerancia a errores",,,,
"Data Integrity Scan for Crash Recovery","\Microsoft\Windows\Data Integrity Scan\","Ready","Microsoft Corporation","Examina recuperación rápida tras bloqueo en volúmenes con tolerancia a errores",,,,
"ScheduledDefrag","\Microsoft\Windows\Defrag\","Ready","Microsoft Corporation","Esta tarea optimiza las unidades de almacenamiento locales.","%windir%\system32\defrag.exe",,,
"Device","\Microsoft\Windows\Device Information\","Ready",,,"%windir%\system32\devicecensus.exe","2008-09-01T03:00:00",,
"Device User","\Microsoft\Windows\Device Information\","Ready",,,"%windir%\system32\devicecensus.exe",,,
"Metadata Refresh","\Microsoft\Windows\Device Setup\","Ready","Microsoft Corporation","Realiza una actualización periódica de los metadatos del dispositivo",,,,
"HandleCommand","\Microsoft\Windows\DeviceDirectoryClient\","Ready",,,,,,
"HandleWnsCommand","\Microsoft\Windows\DeviceDirectoryClient\","Ready",,,,,,
"IntegrityCheck","\Microsoft\Windows\DeviceDirectoryClient\","Disabled",,,,"2015-01-01T12:00:00",,
"LocateCommandUserSession","\Microsoft\Windows\DeviceDirectoryClient\","Ready",,,,,,
"RegisterDeviceAccountChange","\Microsoft\Windows\DeviceDirectoryClient\","Ready",,,,,,
"RegisterDeviceLocationRightsChange","\Microsoft\Windows\DeviceDirectoryClient\","Ready",,,,,,
"RegisterDevicePeriodic24","\Microsoft\Windows\DeviceDirectoryClient\","Ready",,,,"2015-01-01T06:00:00",,
"RegisterDevicePolicyChange","\Microsoft\Windows\DeviceDirectoryClient\","Ready",,,,,,
"RegisterDeviceProtectionStateChanged","\Microsoft\Windows\DeviceDirectoryClient\","Ready",,,,,,
"RegisterDeviceSettingChange","\Microsoft\Windows\DeviceDirectoryClient\","Ready",,,,,,
"RegisterDeviceWnsFallback","\Microsoft\Windows\DeviceDirectoryClient\","Ready",,,,"2025-05-29T19:44:13",,
"RegisterUserDevice","\Microsoft\Windows\DeviceDirectoryClient\","Ready",,,,,,
"RecommendedTroubleshootingScanner","\Microsoft\Windows\Diagnosis\","Ready","Microsoft Corporation","Comprobar la resolución de problemas recomendada de Microsoft",,,,
"Scheduled","\Microsoft\Windows\Diagnosis\","Ready","Microsoft Corporation","La Tarea de mantenimiento programada de Windows realiza un mantenimiento periódico del sistema del equipo mediante la corrección automática de problemas o su notificación a través de Seguridad y mantenimiento.",,,,
"UnexpectedCodepath","\Microsoft\Windows\Diagnosis\","Ready",,,"%windir%\system32\UCConfigTask.exe",,,
"DirectXDatabaseUpdater","\Microsoft\Windows\DirectX\","Ready",,,"%windir%\system32\directxdatabaseupdater.exe",,,
"DXGIAdapterCache","\Microsoft\Windows\DirectX\","Ready",,,"%windir%\system32\dxgiadaptercache.exe",,,
"SilentCleanup","\Microsoft\Windows\DiskCleanup\","Ready","Microsoft Corporation","Tarea de mantenimiento usada por el sistema para iniciar una limpieza silenciosa automática del disco cuando el espacio en disco es insuficiente.","%windir%\system32\cleanmgr.exe",,,
"Microsoft-Windows-DiskDiagnosticDataCollector","\Microsoft\Windows\DiskDiagnostic\","Disabled","Microsoft Corporation","Diagnóstico de discos de Windows envía información general acerca del disco y el sistema a Microsoft para los usuarios que participan en el Programa para la mejora de la experiencia del usuario.","%windir%\system32\rundll32.exe",,,
"Microsoft-Windows-DiskDiagnosticResolver","\Microsoft\Windows\DiskDiagnostic\","Disabled","Microsoft Corporation","Microsoft-Windows-DiskDiagnosticResolver advierte a los usuarios acerca de los errores notificados por los discos duros que admiten el estándar de la tecnología de supervisión automática, análisis y generación de informes (SMART). El Servicio de directivas de diagnóstico activa automáticamente esta tarea cuando se detecta un error de SMART.","%windir%\system32\DFDWiz.exe",,,
"Diagnostics","\Microsoft\Windows\DiskFootprint\","Ready",,,"%windir%\system32\disksnapshot.exe",,,
"StorageSense","\Microsoft\Windows\DiskFootprint\","Ready",,,,,,
"dusmtask","\Microsoft\Windows\DUSM\","Ready",,,"%SystemRoot%\System32\dusmtask.exe",,,
"EDP App Launch Task","\Microsoft\Windows\EDP\","Ready",,,,,,
"EDP Auth Task","\Microsoft\Windows\EDP\","Ready",,,,,,
"EDP Inaccessible Credentials Task","\Microsoft\Windows\EDP\","Ready",,,,,,
"StorageCardEncryption Task","\Microsoft\Windows\EDP\","Ready",,,,,,
"MDMMaintenenceTask","\Microsoft\Windows\EnterpriseMgmt\","Ready",,,"%windir%\system32\MDMAgent.exe",,,
"ExploitGuard MDM policy Refresh","\Microsoft\Windows\ExploitGuard\","Ready","Microsoft Corporation","Tarea para aplicar cambios en la configuración de Protección contra vulnerabilidades del equipo.",,,,
"DmClient","\Microsoft\Windows\Feedback\Siuf\","Ready","Microsoft Windows Feedback","Update SIUF strings","%windir%\system32\dmclient.exe",,,
"DmClientOnScenarioDownload","\Microsoft\Windows\Feedback\Siuf\","Ready","Microsoft Windows Feedback","Update SIUF strings","%windir%\system32\dmclient.exe",,,
"File History (maintenance mode)","\Microsoft\Windows\FileHistory\","Ready","Microsoft Corporation","Protege los archivos de usuario frente a pérdidas accidentales copiándolos en una ubicación de copia de seguridad cuando el sistema está desatendido",,,,
"BootstrapUsageDataReporting","\Microsoft\Windows\Flighting\FeatureConfig\","Disabled","Microsoft Corporation","Tarea que registra periódicamente informes de uso de características",,"2024-04-05T02:06:51+02:00",,
"ReconcileConfigs","\Microsoft\Windows\Flighting\FeatureConfig\","Ready","Microsoft Corporation","Tarea de conciliar periódicamente configuraciones de características",,,,
"ReconcileFeatures","\Microsoft\Windows\Flighting\FeatureConfig\","Ready","Microsoft Corporation","Tarea de conciliar periódicamente configuraciones de características",,,,
"UsageDataFlushing","\Microsoft\Windows\Flighting\FeatureConfig\","Ready","Microsoft Corporation","Tareas que conservan datos de uso de características en el disco",,,,
"UsageDataReceiver","\Microsoft\Windows\Flighting\FeatureConfig\","Ready","Microsoft Corporation","Tareas que conservan datos de uso de características en el disco",,,,
"UsageDataReporting","\Microsoft\Windows\Flighting\FeatureConfig\","Ready","Microsoft Corporation","Tarea que registra periódicamente informes de uso de características",,,,
"RefreshCache","\Microsoft\Windows\Flighting\OneSettings\","Ready","Microsoft Corporation","Tarea que actualiza periódicamente datos para clientes de OneSettings.",,"2025-05-13T17:04:41+02:00",,
"FODCleanupTask","\Microsoft\Windows\HelloFace\","Ready",,,"%WinDir%\System32\WinBioPlugIns\FaceFodUninstaller.exe",,,
"InputSettingsRestoreDataAvailable","\Microsoft\Windows\input\","Ready",,,,,,
"LocalUserSyncDataAvailable","\Microsoft\Windows\input\","Ready",,,,,,
"MouseSyncDataAvailable","\Microsoft\Windows\input\","Ready",,,,,,
"PenSyncDataAvailable","\Microsoft\Windows\input\","Ready",,,,,,
"RemoteMouseSyncDataAvailable","\Microsoft\Windows\input\","Ready",,,,,,
"RemotePenSyncDataAvailable","\Microsoft\Windows\input\","Ready",,,,,,
"RemoteTouchpadSyncDataAvailable","\Microsoft\Windows\input\","Ready",,,,,,
"syncpensettings","\Microsoft\Windows\input\","Ready",,,,,,
"TouchpadSyncDataAvailable","\Microsoft\Windows\input\","Ready",,,,,,
"RestoreDevice","\Microsoft\Windows\InstallService\","Ready",,,,,,
"ScanForUpdates","\Microsoft\Windows\InstallService\","Ready",,,,"2014-01-01T02:00:00+02:00",,
"ScanForUpdatesAsUser","\Microsoft\Windows\InstallService\","Ready",,,,,,
"SmartRetry","\Microsoft\Windows\InstallService\","Ready",,,,,,
"WakeUpAndContinueUpdates","\Microsoft\Windows\InstallService\","Disabled",,,,,,
"WakeUpAndScanForUpdates","\Microsoft\Windows\InstallService\","Disabled",,,,"2014-01-01T02:00:00+02:00",,
"Synchronize Language Settings","\Microsoft\Windows\International\","Ready","Microsoft Corporation","Synchronize User Language Settings from other devices.",,,,
"La57Cleanup","\Microsoft\Windows\Kernel\","Ready","Microsoft Corporation","Esta tarea limpia archivos binarios de paginación de 5 niveles en sistemas que no admiten la paginación de 5 niveles.","%windir%\system32\la57setup.exe",,,
"Installation","\Microsoft\Windows\LanguageComponentsInstaller\","Ready","Microsoft Corporation","Instala componentes de idioma que coincidan con la lista de idiomas del usuario.",,,,
"ReconcileLanguageResources","\Microsoft\Windows\LanguageComponentsInstaller\","Ready","Microsoft Corporation","Instala componentes de idioma que coincidan con la lista de idiomas del usuario.",,,,
"Uninstallation","\Microsoft\Windows\LanguageComponentsInstaller\","Disabled","Microsoft Corporation","Desinstala componentes de idioma que no están en ninguna lista de idiomas del usuario.",,,,
"TempSignedLicenseExchange","\Microsoft\Windows\License Manager\","Ready","Microsoft Corporation","Exchanges temporary preinstalled licenses for Microsoft Store licenses.",,,,
"Notifications","\Microsoft\Windows\Location\","Ready",,"$(@%systemRoot%\system32\LocationNotificationWindows.exe,-102)","%windir%\System32\LocationNotificationWindows.exe",,,
"WindowsActionDialog","\Microsoft\Windows\Location\","Ready",,"Notificación de ubicación","%windir%\System32\WindowsActionDialog.exe",,,
"WinSAT","\Microsoft\Windows\Maintenance\","Ready","Microsoft","Mide el rendimiento y las capacidades de un sistema",,,,
"DetectHardwareChange","\Microsoft\Windows\Management\Autopilot\","Disabled","$(@%SystemRoot%\system32\Autopilot.dll,-600)","$(@%SystemRoot%\system32\Autopilot.dll,-602)",,,,
"RemediateHardwareChange","\Microsoft\Windows\Management\Autopilot\","Disabled","$(@%SystemRoot%\system32\Autopilot.dll,-600)","$(@%SystemRoot%\system32\Autopilot.dll,-603)",,,,
"Cellular","\Microsoft\Windows\Management\Provisioning\","Ready",,,"%windir%\system32\ProvTool.exe",,,
"Logon","\Microsoft\Windows\Management\Provisioning\","Ready",,,"%windir%\system32\ProvTool.exe",,,
"MdmDiagnosticsCleanup","\Microsoft\Windows\Management\Provisioning\","Disabled",,,"%windir%\system32\MdmDiagnosticsTool.exe",,,
"Retry","\Microsoft\Windows\Management\Provisioning\","Disabled",,,"%windir%\system32\ProvTool.exe",,,
"RunOnReboot","\Microsoft\Windows\Management\Provisioning\","Disabled",,,"%windir%\system32\ProvTool.exe",,,
"MapsToastTask","\Microsoft\Windows\Maps\","Ready","Microsoft Corporation","This task shows various Map related toasts",,,,
"MapsUpdateTask","\Microsoft\Windows\Maps\","Disabled","Microsoft Corporation","Esta tarea busca actualizaciones de los mapas que descargaste para su uso sin conexión. Si desactivas esta tarea, Windows no podrá enviarte notificaciones sobre los mapas actualizados.",,"2014-10-21T00:00:00",,
"ProcessMemoryDiagnosticEvents","\Microsoft\Windows\MemoryDiagnostic\","Ready","Microsoft Corporation","Programa un diagnóstico de memoria en respuesta a los eventos del sistema.",,,,
"RunFullMemoryDiagnostic","\Microsoft\Windows\MemoryDiagnostic\","Disabled","Microsoft Corporation","Detecta y mitiga problemas en la memoria física (RAM).",,,,
"MNO Metadata Parser","\Microsoft\Windows\Mobile Broadband Accounts\","Ready","$(@%SystemRoot%\system32\MbaeParserTask.exe,-1902)","$(@%SystemRoot%\system32\MbaeParserTask.exe,-1903)","%SystemRoot%\System32\MbaeParserTask.exe",,,
"LPRemove","\Microsoft\Windows\MUI\","Ready","Microsoft Corporation","Iniciar herramienta de limpieza de idioma","%windir%\system32\lpremove.exe",,,
"Mcbuilder","\Microsoft\Windows\MUI\","Ready","Microsoft Corporation",,"C:\Windows\System32\mcbuilder.exe",,,
"SystemSoundsService","\Microsoft\Windows\Multimedia\","Running",,"Agente de modo usuario de sonidos del sistema",,,,
"NcsiIdentifyUserProxies","\Microsoft\Windows\Network Connectivity Status Indicator\","Ready",,,,,,
"WiFiTask","\Microsoft\Windows\NlaSvc\","Ready","Microsoft Corporation","Tarea en segundo plano para realizar interacciones web y por usuario","%SystemRoot%\System32\WiFiTask.exe",,,
"RequestTrace","\Microsoft\Windows\PerformanceTrace\","Ready","Microsoft Corporation","Controla la tecla de acceso rápido Win+Shift+Control+T para realizar un seguimiento de rendimiento del Shell",,,,
"Secure-Boot-Update","\Microsoft\Windows\PI\","Ready","Microsoft Corporation","Esta tarea actualiza las variables de arranque seguro.",,,,
"Sqm-Tasks","\Microsoft\Windows\PI\","Ready","Microsoft Corporation","Esta tarea reúne información acerca del Módulo de plataforma segura (TPM), arranque seguro y arranque medido.",,,,
"Device Install Group Policy","\Microsoft\Windows\Plug and Play\","Ready","Microsoft Corporation","Controlador de cambio de directiva de grupo de instalación de dispositivos",,,,
"Device Install Reboot Required","\Microsoft\Windows\Plug and Play\","Ready","Microsoft Corporation","Notifica al usuario que se debe reiniciar para finalizar la configuración de un dispositivo de Windows.",,,,
"Sysprep Generalize Drivers","\Microsoft\Windows\Plug and Play\","Ready","Microsoft Corporation","Generalice el estado del controlador para preparar el sistema para que sea reiniciable en cualquier configuración de hardware.","%SystemRoot%\System32\drvinst.exe",,,
"AnalyzeSystem","\Microsoft\Windows\Power Efficiency Diagnostics\","Ready","Microsoft Corporation","Esta tarea analiza el sistema en busca de condiciones que puedan causar un uso energético elevado.",,,,
"EduPrintProv","\Microsoft\Windows\Printing\","Ready",,,"%windir%\system32\eduprintprov.exe",,,
"PrinterCleanupTask","\Microsoft\Windows\Printing\","Ready",,,,"2020-01-01T12:00:00",,
"PrintJobCleanupTask","\Microsoft\Windows\Printing\","Disabled",,,,"2021-01-01T12:00:00",,
"LoginCheck","\Microsoft\Windows\PushToInstall\","Ready",,,"%windir%\system32\sc.exe",,,
"Registration","\Microsoft\Windows\PushToInstall\","Ready",,,"%windir%\system32\sc.exe","2025-05-12T21:34:18",,
"MobilityManager","\Microsoft\Windows\Ras\","Ready","Microsoft Corporation","Proporciona compatibilidad para el cambio de una conexión VPN con movilidad habilitada a otra si se desactiva la interfaz subyacente de la conexión.",,,,
"VerifyWinRE","\Microsoft\Windows\RecoveryEnvironment\","Disabled","Microsoft Corporation","Valida el Entorno de recuperación de Windows.",,,,
"Initialization","\Microsoft\Windows\ReFsDedupSvc\","Ready","Microsoft Corporation","Inicializa el servicio de desduplicación REFS cuando se detecta el primer volumen habilitado para desduplicación en el sistema. No quite ni modifique esta tarea.",,,,
"RegIdleBackup","\Microsoft\Windows\Registry\","Ready","Microsoft Corporation","Tarea de copia de seguridad de inactividad de Registro",,,,
"RemoteAssistanceTask","\Microsoft\Windows\RemoteAssistance\","Ready","Microsoft","Comprueba si hay cambios relevantes para Asistencia remota en la directiva de grupo","%windir%\system32\RAServer.exe",,,
"OOBEFodSetup","\Microsoft\Windows\Servicing\","Disabled",,,"%windir%\system32\OOBEFodSetup.exe",,,
"StartComponentCleanup","\Microsoft\Windows\Servicing\","Ready",,,,,,
"Account Cleanup","\Microsoft\Windows\SharedPC\","Disabled",,,,,,
"CreateObjectTask","\Microsoft\Windows\Shell\","Ready","Microsoft Corporation","Proporciona compatibilidad con los componentes shell que acceden a los datos del sistema",,,,
"FamilySafetyMonitor","\Microsoft\Windows\Shell\","Ready","Microsoft Corporation","Inicializa la supervisión y cumplimiento de la Protección infantil.","%windir%\System32\wpcmon.exe",,,
"FamilySafetyRefreshTask","\Microsoft\Windows\Shell\","Ready","Microsoft Corporation","Sincroniza la configuración más reciente con el servicio de características de la familia de Microsoft.",,,,
"IndexerAutomaticMaintenance","\Microsoft\Windows\Shell\","Ready","Microsoft Corporation","Mantiene el índice de búsqueda actualizado",,,,
"ThemeAssetTask_SyncFODState","\Microsoft\Windows\Shell\","Disabled",,,,,,
"ThemesSyncedImageDownload","\Microsoft\Windows\Shell\","Ready","Microsoft Corporation","Descarga una copia de seguridad de las imágenes del tema sincronizado",,,,
"UpdateUserPictureTask","\Microsoft\Windows\Shell\","Ready",,,,,,
"SvcRestartTask","\Microsoft\Windows\SoftwareProtectionPlatform\","Ready","Microsoft Corporation","Esta tarea reinicia el Servicio de plataforma de protección de software en el momento especificado",,"2125-04-19T17:04:10+02:00",,
"SvcRestartTaskLogon","\Microsoft\Windows\SoftwareProtectionPlatform\","Disabled","Microsoft Corporation","Esta tarea reinicia el servicio de plataforma de protección de software cuando se produce el inicio de sesión de usuario",,,,
"SvcRestartTaskNetwork","\Microsoft\Windows\SoftwareProtectionPlatform\","Disabled","Microsoft Corporation","Esta tarea reinicia el servicio de plataforma de protección de software cuando se detecta una nueva red",,,,
"SpaceAgentTask","\Microsoft\Windows\SpacePort\","Ready","Microsoft Corporation","Configuración de Espacios de almacenamiento","%windir%\system32\SpaceAgent.exe",,,
"SpaceManagerTask","\Microsoft\Windows\SpacePort\","Ready","$(@%SystemRoot%\system32\spaceman.exe,-2)","$(@%SystemRoot%\system32\spaceman.exe,-3)","%windir%\system32\spaceman.exe",,,
"SpeechModelDownloadTask","\Microsoft\Windows\Speech\","Ready",,,"%windir%\system32\speech_onecore\common\SpeechModelDownload.exe","2004-01-01T00:00:00",,
"MaintenanceTasks","\Microsoft\Windows\StateRepository\","Ready","$(@%SystemRoot%\system32\Windows.StateRepositoryClient.dll,-600)","$(@%SystemRoot%\system32\Windows.StateRepositoryClient.dll,-602)","%windir%\system32\rundll32.exe",,,
"Storage Tiers Management Initialization","\Microsoft\Windows\Storage Tiers Management\","Ready","Microsoft Corporation","Inicializa el servicio de administración de capas de almacenamiento cuando se detecta en el sistema el primer espacio de almacenamiento en capas. No quite o modifique esta tarea.",,,,
"Storage Tiers Optimization","\Microsoft\Windows\Storage Tiers Management\","Disabled","Microsoft Corporation","Optimiza la colocación de los datos en capas de almacenamiento en todos los espacios de almacenamiento en capas del sistema.","%windir%\system32\defrag.exe","2013-01-01T01:00:00",,
"EnableLicenseAcquisition","\Microsoft\Windows\Subscription\","Ready","Microsoft Corporation","Enable susbscription license acquisition","%SystemRoot%\system32\ClipRenew.exe",,,
"LicenseAcquisition","\Microsoft\Windows\Subscription\","Disabled","Microsoft Corporation","Susbscription license acquisition","%SystemRoot%\system32\ClipRenew.exe","2016-01-01T02:00:00+02:00",,
"PowerGridForecastTask","\Microsoft\Windows\Sustainability\","Ready","Microsoft Corporation","PowerGridForecastTask tiene un controlador de tareas COM",,,,
"SustainabilityTelemetry","\Microsoft\Windows\Sustainability\","Ready","Microsoft Corporation","Eventos de telemetría para la sostenibilidad",,,,
"HybridDriveCachePrepopulate","\Microsoft\Windows\Sysmain\","Disabled","Microsoft Corporation","Tarea de rellenado previo de caché de unidad híbrida",,,,
"HybridDriveCacheRebalance","\Microsoft\Windows\Sysmain\","Disabled","Microsoft Corporation","Tarea de mantenimiento de equilibrio de caché de unidad híbrida",,,,
"ResPriStaticDbSync","\Microsoft\Windows\Sysmain\","Ready","Microsoft Corporation","Tarea de mantenimiento de sincronización de base de datos estática de prioridad reservada",,,,
"WsSwapAssessmentTask","\Microsoft\Windows\Sysmain\","Ready","Microsoft Corporation","Tarea de mantenimiento de evaluación de intercambio de espacio de trabajo","%windir%\system32\rundll32.exe",,,
"SR","\Microsoft\Windows\SystemRestore\","Ready","Microsoft Corporation","Esta tarea crea puntos de protección del sistema a intervalos regulares.","%windir%\system32\srtasks.exe",,,
"Interactive","\Microsoft\Windows\Task Manager\","Ready","Microsoft Corporation","Ejecuta una tarea como el usuario interactivo.",,,,
"MsCtfMonitor","\Microsoft\Windows\TextServicesFramework\","Ready",,"TextServicesFramework monitor task",,,,
"ForceSynchronizeTime","\Microsoft\Windows\Time Synchronization\","Ready","Microsoft Corporation","Esta tarea realiza la sincronización de hora.",,,,
"SynchronizeTime","\Microsoft\Windows\Time Synchronization\","Ready","Microsoft Corporation","Mantiene la sincronización de fecha y hora en todos los clientes y servidores de la red. Si se detiene este servicio, no estará disponible la sincronización de fecha y hora. Si se deshabilita este servicio, no se podrá iniciar ninguno de los servicios que dependen explícitamente de él.","%windir%\system32\sc.exe",,,
"SynchronizeTimeZone","\Microsoft\Windows\Time Zone\","Ready","Microsoft Corporation","Actualiza la información de la zona horaria. Si se detiene esta tarea, la hora local probablemente no sea precisa para algunas zonas horarias.","%windir%\system32\tzsync.exe",,,
"Tpm-HASCertRetr","\Microsoft\Windows\TPM\","Ready","Microsoft Corporation","Esta tarea solicita un certificado de atestación de estado.",,,,
"Tpm-Maintenance","\Microsoft\Windows\TPM\","Ready","Microsoft Corporation","Esta tarea realiza acciones en segundo plano en nombre del sistema operativo para ser compatible con el Módulo de plataforma segura (TPM).",,,,
"Tpm-PreAttestationHealthCheck","\Microsoft\Windows\TPM\","Ready","Microsoft Corporation","Esta tarea realiza acciones en segundo plano en nombre del sistema operativo para ser compatible con el Módulo de plataforma segura (TPM).",,,,
"RunUpdateNotificationMgr","\Microsoft\Windows\UNP\","Disabled",,,"%windir%\System32\UNP\UpdateNotificationMgr.exe","2016-06-02T10:30:00",,
"Reboot_AC","\Microsoft\Windows\UpdateOrchestrator\","Disabled",,,"%systemroot%\system32\MusNotification.exe","2021-12-19T00:29:00+02:00",,
"Reboot_Battery","\Microsoft\Windows\UpdateOrchestrator\","Disabled",,,"%systemroot%\system32\MusNotification.exe","2021-12-19T00:29:00+02:00",,
"Report policies","\Microsoft\Windows\UpdateOrchestrator\","Ready","Microsoft Corporation",,"%systemroot%\system32\usoclient.exe",,,
"Schedule Maintenance Work","\Microsoft\Windows\UpdateOrchestrator\","Disabled",,,"%systemroot%\system32\usoclient.exe",,,
"Schedule Scan","\Microsoft\Windows\UpdateOrchestrator\","Ready",,,"%systemroot%\system32\usoclient.exe","2019-01-01T12:00:00",,
"Schedule Scan Static Task","\Microsoft\Windows\UpdateOrchestrator\","Ready","Microsoft Corporation","Esta tarea realiza un análisis programado de Windows Update.","%systemroot%\system32\usoclient.exe",,,
"Schedule Wake To Work","\Microsoft\Windows\UpdateOrchestrator\","Disabled",,,"%systemroot%\system32\usoclient.exe","2025-04-13T04:14:00+02:00",,
"Schedule Work","\Microsoft\Windows\UpdateOrchestrator\","Ready",,,"%systemroot%\system32\usoclient.exe","2025-05-13T17:10:36+02:00",,
"Start Oobe Expedite Work","\Microsoft\Windows\UpdateOrchestrator\","Ready","Microsoft Corporation","Esta tarea realiza un análisis programado de Windows Update.","%systemroot%\system32\usoclient.exe",,,
"StartOobeAppsScan","\Microsoft\Windows\UpdateOrchestrator\","Ready","Microsoft Corporation","Esta tarea realiza un análisis programado de Windows Update.","%systemroot%\system32\usoclient.exe",,,
"StartOobeAppsScanAfterUpdate","\Microsoft\Windows\UpdateOrchestrator\","Ready","Microsoft Corporation","Esta tarea realiza un análisis programado de Windows Update.","%systemroot%\system32\usoclient.exe",,,
"StartOobeAppsScan_LicenseAccepted","\Microsoft\Windows\UpdateOrchestrator\","Ready","Microsoft Corporation","Esta tarea realiza un análisis programado de Windows Update.","%systemroot%\system32\usoclient.exe",,,
"UIEOrchestrator","\Microsoft\Windows\UpdateOrchestrator\","Ready","$(@%systemRoot%\system32\UIEOrchestrator.exe,-103)","$(@%systemRoot%\system32\UIEOrchestrator.exe,-106)","%systemroot%\system32\UIEOrchestrator.exe","2000-01-01T03:00:00",,
"USO_UxBroker","\Microsoft\Windows\UpdateOrchestrator\","Ready","Microsoft Corporation","Esta tarea desencadena un reinicio del sistema tras la instalación de la actualización.","%systemroot%\system32\MusNotification.exe",,,
"UUS Failover Task","\Microsoft\Windows\UpdateOrchestrator\","Ready","Microsoft Corporation",,"%windir%\System32\MLEngineStub.exe",,,
"UPnPHostConfig","\Microsoft\Windows\UPnP\","Ready","Microsoft","Establecer el servicio UPnPHost en inicio automático","sc.exe",,,
"Usb-Notifications","\Microsoft\Windows\USB\","Ready","Microsoft Corporation","Tarea de notificación de error de USB",,,,
"HiveUploadTask","\Microsoft\Windows\User Profile Service\","Disabled","Microsoft Corporation","Esta tarea cargará automáticamente un subárbol del Registro de un perfil de usuario móvil en su ubicación de red.",,"2007-08-28T00:00:00",,
"DeferredWork","\Microsoft\Windows\WaaSMedic\","Disabled","Microsoft Corporation",,,"2024-07-05T10:48:20+02:00",,
"PerformRemediation","\Microsoft\Windows\WaaSMedic\","Ready","$(@%systemroot%\system32\WaasMedicSvcImpl.dll,-102)","$(@%systemroot%\system32\WaasMedicSvcImpl.dll,-104)",,"2000-10-15T03:00:00",,
"WiFiTask","\Microsoft\Windows\WCM\","Ready","Microsoft Corporation","Tarea en segundo plano para realizar interacciones web y por usuario","%SystemRoot%\System32\WiFiTask.exe",,,
"ResolutionHost","\Microsoft\Windows\WDI\","Running","Microsoft Corporation","El host de resolución de Infraestructura de diagnóstico de Windows habilita las resoluciones interactivas de problemas del sistema detectados por el Servicio de directivas de diagnóstico. Este servicio lo activa cuando resulta necesario en la sesión de usuario adecuada. Si el Servicio de directivas de diagnóstico no se está ejecutando, la tarea no se ejecutará.",,,,
"Windows Defender Cache Maintenance","\Microsoft\Windows\Windows Defender\","Ready",,"Periodic maintenance task.","C:\ProgramData\Microsoft\Windows Defender\Platform\4.18.25030.2-0\MpCmdRun.exe",,,
"Windows Defender Cleanup","\Microsoft\Windows\Windows Defender\","Ready",,"Periodic cleanup task.","C:\ProgramData\Microsoft\Windows Defender\Platform\4.18.25030.2-0\MpCmdRun.exe",,,
"Windows Defender Scheduled Scan","\Microsoft\Windows\Windows Defender\","Ready",,"Periodic scan task.","C:\ProgramData\Microsoft\Windows Defender\Platform\4.18.25030.2-0\MpCmdRun.exe",,,
"Windows Defender Verification","\Microsoft\Windows\Windows Defender\","Ready",,"Periodic verification task.","C:\ProgramData\Microsoft\Windows Defender\Platform\4.18.25030.2-0\MpCmdRun.exe",,,
"QueueReporting","\Microsoft\Windows\Windows Error Reporting\","Ready","Microsoft Corporation","Tarea de informe de errores de Windows para procesar informes en cola.","%windir%\system32\wermgr.exe",,,
"BfeOnServiceStartTypeChange","\Microsoft\Windows\Windows Filtering Platform\","Ready","Microsoft Corporation","Esta tarea ajusta el tipo de inicio de los servicios desencadenados por un firewall cuando se deshabilita el tipo de inicio del Motor de filtrado de base (BFE).","%windir%\system32\rundll32.exe",,,
"UpdateLibrary","\Microsoft\Windows\Windows Media Sharing\","Ready","Microsoft Corporation","Esta tarea actualiza la lista en caché de las carpetas y los permisos de seguridad de los archivos nuevos en la biblioteca multimedia compartida de un usuario.","""%ProgramFiles%\Windows Media Player\wmpnscfg.exe""",,,
"Calibration Loader","\Microsoft\Windows\WindowsColorSystem\","Ready","Microsoft Corporation","Esta tarea aplica la configuración de calibración de color.",,,,
"Refresh Group Policy Cache","\Microsoft\Windows\WindowsUpdate\","Ready","Microsoft Corporation.","Esta tarea se usa para actualizar la memoria caché de la directiva de grupo en Windows Update",,,,
"Scheduled Start","\Microsoft\Windows\WindowsUpdate\","Ready","Microsoft Corporation.","Esta tarea se usa para iniciar el servicio Windows Update cuando es necesario para realizar operaciones programadas, como los exámenes.","%systemroot%\System32\sc.exe","2010-10-15T02:00:00+02:00",,
"CacheTask","\Microsoft\Windows\Wininet\","Running","Microsoft","Tarea de caché WinINet",,,,
"CDSSync","\Microsoft\Windows\WlanSvc\","Ready",,,,,,
"MoProfileManagement","\Microsoft\Windows\WlanSvc\","Ready",,,,,,
"WIM-Hash-Management","\Microsoft\Windows\WOF\","Ready","Microsoft Corporation","Esta tarea permite el arranque de WIM realizando acciones en segundo plano en nombre del sistema operativo.",,,,
"WIM-Hash-Validation","\Microsoft\Windows\WOF\","Ready","Microsoft Corporation","Esta tarea permite el arranque de WIM realizando acciones en segundo plano en nombre del sistema operativo.",,,,
"Work Folders Logon Synchronization","\Microsoft\Windows\Work Folders\","Ready","Microsoft Corporation","Esta tarea inicia la sincronización de los perfiles de las carpetas de trabajo cuando un usuario inicia sesión en el sistema.",,,,
"Work Folders Maintenance Work","\Microsoft\Windows\Work Folders\","Ready","Microsoft Corporation","Esta tarea inicia el trabajo de mantenimiento requerido para el buen rendimiento constante de la sincronización de datos de los perfiles de las carpetas de trabajo.",,,,
"Automatic-Device-Join","\Microsoft\Windows\Workplace Join\","Disabled",,"Registra este equipo si ya está unido a un dominio de Active Directory.","%SystemRoot%\System32\dsregcmd.exe",,,
"Device-Sync","\Microsoft\Windows\Workplace Join\","Disabled","Microsoft Corporation","Sincronice los atributos del dispositivo con Microsoft Entra ID.",,,,
"Recovery-Check","\Microsoft\Windows\Workplace Join\","Disabled",,"Realiza una comprobación de recuperación.","%SystemRoot%\System32\dsregcmd.exe",,,
"NotificationTask","\Microsoft\Windows\WwanSvc\","Ready","Microsoft Corporation","Tarea en segundo plano para realizar interacciones web y por usuario","%SystemRoot%\System32\WiFiTask.exe",,,
"OobeDiscovery","\Microsoft\Windows\WwanSvc\","Ready",,,,,,
"XblGameSaveTask","\Microsoft\XblGameSave\","Ready","Microsoft","XblGameSave Standby Task","%windir%\System32\XblGameSaveTask.exe",,,
"Firefox Background Update 308046B0AF4A39CB","\Mozilla\","Ready","Mozilla","La tarea de actualización en segundo plano comprueba si hay actualizaciones para Firefox cuando Firefox no se está ejecutando. Esta tarea es instalada  automáticamente por Firefox, y se reinstala cuando Firefox se está ejecutando. Para desactivar esta tarea, actualice la configuración de Firefox o la política empresarial “BackgroundAppUpdate” .","C:\Program Files\Mozilla Firefox\firefox.exe","2023-07-01T20:48:46+02:00",,
"Firefox Background Update S-1-5-21-2297512837-4213269552-594000026-1001 308046B0AF4A39CB","\Mozilla\","Ready","Mozilla","La tarea de actualización en segundo plano comprueba si hay actualizaciones para Firefox cuando Firefox no se está ejecutando. Esta tarea es instalada  automáticamente por Firefox, y se reinstala cuando Firefox se está ejecutando. Para desactivar esta tarea, actualice la configuración de Firefox o la política empresarial “BackgroundAppUpdate” .","C:\Program Files\Mozilla Firefox\firefox.exe","2024-04-25T23:36:33+02:00",,
"Firefox Default Browser Agent 308046B0AF4A39CB","\Mozilla\","Ready","Mozilla","La tarea del agente del navegador predeterminado verifica cuando el valor predeterminado cambia de Firefox a otro navegador. Si el cambio ocurre en circunstancias sospechosas, pedirá que  los usuarios vuelvan a cambiar a Firefox no más de dos veces. Firefox instala esta tarea automáticamente y se reinstala cuando se actualiza Firefox. Para desactivar esta tarea, actualice la preferencia “default-browser-agent.enabled” en la página about:config o la configuración de política empresarial Firefox “DisableDefaultBrowserAgent”.","C:\Program Files\Mozilla Firefox\default-browser-agent.exe","2025-02-24T11:35:39+02:00",,
